<?xml version="1.0" encoding="UTF-8"?>
<classpath>
	<classpathentry kind="src" path="src"/>
	<classpathentry kind="con" path="org.eclipse.jdt.launching.JRE_CONTAINER/org.eclipse.jdt.internal.debug.ui.launcher.StandardVMType/JavaSE-1.8"/>
	<classpathentry kind="lib" path="C:/Content/Debs Backup/All selenium jars/apache-mime4j-0.6.jar"/>
	<classpathentry kind="lib" path="C:/Content/Debs Backup/All selenium jars/bsh-2.0b4.jar"/>
	<classpathentry kind="lib" path="C:/Content/Debs Backup/All selenium jars/cglib-nodep-2.1_3.jar"/>
	<classpathentry kind="lib" path="C:/Content/Debs Backup/All selenium jars/commons-codec-1.10.jar"/>
	<classpathentry kind="lib" path="C:/Content/Debs Backup/All selenium jars/commons-exec-1.3.jar"/>
	<classpathentry kind="lib" path="C:/Content/Debs Backup/All selenium jars/commons-io-2.4.jar"/>
	<classpathentry kind="lib" path="C:/Content/Debs Backup/All selenium jars/commons-logging-1.2.jar"/>
	<classpathentry kind="lib" path="C:/Content/Debs Backup/All selenium jars/curvesapi-1.03.jar"/>
	<classpathentry kind="lib" path="C:/Content/Debs Backup/All selenium jars/geogebra_main.jar"/>
	<classpathentry kind="lib" path="C:/Content/Debs Backup/All selenium jars/gson-2.3.1.jar"/>
	<classpathentry kind="lib" path="C:/Content/Debs Backup/All selenium jars/guava-19.0.jar"/>
	<classpathentry kind="lib" path="C:/Content/Debs Backup/All selenium jars/hamcrest-core-1.3.jar"/>
	<classpathentry kind="lib" path="C:/Content/Debs Backup/All selenium jars/hamcrest-library-1.3.jar"/>
	<classpathentry kind="lib" path="C:/Content/Debs Backup/All selenium jars/httpclient-4.5.1.jar"/>
	<classpathentry kind="lib" path="C:/Content/Debs Backup/All selenium jars/httpcore-4.4.3.jar"/>
	<classpathentry kind="lib" path="C:/Content/Debs Backup/All selenium jars/httpmime-4.5.jar"/>
	<classpathentry kind="lib" path="C:/Content/Debs Backup/All selenium jars/javax.mail-api-1.4.7.jar"/>
	<classpathentry kind="lib" path="C:/Content/Debs Backup/All selenium jars/jcommander-1.48.jar"/>
	<classpathentry kind="lib" path="C:/Content/Debs Backup/All selenium jars/jna-4.1.0.jar"/>
	<classpathentry kind="lib" path="C:/Content/Debs Backup/All selenium jars/jna-platform-4.1.0.jar"/>
	<classpathentry kind="lib" path="C:/Content/Debs Backup/All selenium jars/json-path-0.9.0.jar"/>
	<classpathentry kind="lib" path="C:/Content/Debs Backup/All selenium jars/json-smart-2.1.0.jar"/>
	<classpathentry kind="lib" path="C:/Content/Debs Backup/All selenium jars/junit-4.12.jar"/>
	<classpathentry kind="lib" path="C:/Content/Debs Backup/All selenium jars/jxl.jar"/>
	<classpathentry kind="lib" path="C:/Content/Debs Backup/All selenium jars/log4j-1.2.17.jar"/>
	<classpathentry kind="lib" path="C:/Content/Debs Backup/All selenium jars/mail.jar"/>
	<classpathentry kind="lib" path="C:/Content/Debs Backup/All selenium jars/netty-3.5.7.Final.jar"/>
	<classpathentry kind="lib" path="C:/Content/Debs Backup/All selenium jars/org-apache-commons-lang.jar"/>
	<classpathentry kind="lib" path="C:/Content/Debs Backup/All selenium jars/phantomjsdriver-1.2.1.jar"/>
	<classpathentry kind="lib" path="C:/Content/Debs Backup/All selenium jars/poi-3.14-20160307.jar"/>
	<classpathentry kind="lib" path="C:/Content/Debs Backup/All selenium jars/poi-examples-3.14-20160307.jar"/>
	<classpathentry kind="lib" path="C:/Content/Debs Backup/All selenium jars/poi-excelant-3.14-20160307.jar"/>
	<classpathentry kind="lib" path="C:/Content/Debs Backup/All selenium jars/poi-ooxml-3.14-20160307.jar"/>
	<classpathentry kind="lib" path="C:/Content/Debs Backup/All selenium jars/poi-ooxml-schemas-3.14-20160307.jar"/>
	<classpathentry kind="lib" path="C:/Content/Debs Backup/All selenium jars/poi-scratchpad-3.14-20160307.jar"/>
	<classpathentry kind="lib" path="C:/Content/Debs Backup/All selenium jars/selenium-java-2.53.0.jar"/>
	<classpathentry kind="lib" path="C:/Content/Debs Backup/All selenium jars/selenium-java-2.53.0-srcs.jar"/>
	<classpathentry kind="lib" path="C:/Content/Debs Backup/All selenium jars/testng-6.9.9.jar"/>
	<classpathentry kind="lib" path="C:/Content/Debs Backup/All selenium jars/xmlbeans-2.6.0.jar"/>
	<classpathentry kind="output" path="bin"/>
</classpath>
